_id,index,dataEMD,nome/primeiro,nome/último,idade,género,morada,modalidade,clube
6045074cd77860ac9483d34e,0,2020-02-25,Delgado,Gay,28,F,Gloucester,BTT,ACRroriz
6045074ca6adebd591b5d239,1,2019-07-31,Foreman,Prince,34,M,Forestburg,Ciclismo,ACDRcrespos
6045074c221e2fdf430e9ef0,2,2021-01-06,Cheryl,Berger,21,M,Umapine,Basquetebol,Vitoria
6045074c529cbdce549d3923,3,2020-11-19,Graves,Goff,29,F,Babb,Andebol,AVCfamalicão
6045074c3319a0f9e79aad87,4,2019-09-01,Mckay,Bolton,29,F,Chilton,Futebol,ACDRcrespos
6045074c222607e7520ffd24,5,2019-10-07,Marla,Kelley,22,M,Clarence,Atletismo,AmigosMontanha
6045074c344b052551309595,6,2020-12-11,Merrill,Maddox,34,M,Roderfield,Equitação,ACRroriz
6045074c6619e6ba7eca2f8d,7,2019-03-12,Nikki,Calderon,22,F,Brethren,Patinagem,EDViana
6045074c0ae66598285ff526,8,2020-12-09,Lucia,Bright,35,F,Onton,Orientação,GDGoma
